{"schemaVersion":"1.0","appDefinitionTemplate":{"id":"/providers/Microsoft.PowerApps/apps/","type":"Microsoft.PowerApps/apps","tags":{"primaryDeviceWidth":"2500","primaryDeviceHeight":"1000","supportsPortrait":"true","supportsLandscape":"true","primaryFormFactor":"Tablet","showStatusBar":"false","publisherVersion":"3.24073.22","minimumRequiredApiVersion":"2.2.0","hasComponent":"true","hasUnlockedComponent":"true","isUnifiedRootApp":"false","offlineLargeFilesSupport":"false","sienaVersion":"20240801T205205Z-3.24073.22.0"},"properties":{"appVersion":"2024-08-01T20:52:05Z","lifeCycleId":"Published","createdByClientVersion":{"major":3,"minor":24073,"build":22,"revision":0,"majorRevision":0,"minorRevision":0},"minClientVersion":{"major":3,"minor":24073,"build":22,"revision":0,"majorRevision":0,"minorRevision":0},"backgroundColor":"rgba(0, 16, 96, 1)","backgroundImageUri":"/9966155270006797925/Nf694e9d8-a8e1-47c9-9a1c-afc52f0c5d13-logoSmallFile","displayName":"Tickets IT","description":"","commitMessage":"","appUris":{"documentUri":{"value":"/9966155270006797925/Na9dd60f5-e93a-4ccb-a448-2d92af1f1abb-document.msapp"},"imageUris":[],"additionalUris":[{"isSolutionAware":false,"value":"/9966155270006797925/N6f0c6d0f-0e0a-47db-801d-3a40a21494f5-identity.json"}]},"createdTime":"0001-01-01T00:00:00Z","lastModifiedTime":"0001-01-01T00:00:00Z","sharedGroupsCount":0,"sharedUsersCount":0,"connectionReferences":{"65b2d091-04be-4289-901f-ecccc6cbca70":{"id":"e3644d23-7818-4fb8-b476-2469e494e31b","displayName":"SharePoint","iconUri":"https://connectoricons-prod.azureedge.net/u/jayawan/releases/v1.0.1697/1.0.1697.3786/sharepointonline/icon.png","dataSources":["Asistencias","Lista_Datos","Asistencias IT"],"dependencies":[],"dependents":[],"parameterHints":{},"parameterHintsV2":{},"isOnPremiseConnection":false,"bypassConsent":false,"dataSets":{"https://inverlink.sharepoint.com/sites/Tikets":{"dataSources":{"Asistencias":{"tableName":"d374ea79-4934-428d-b4c1-1d90a0b79009"},"Lista_Datos":{"tableName":"bff0a750-0abf-4216-ad20-3b27ab914b59"},"Asistencias IT":{"tableName":"e8cf2b1a-0b75-4bb7-a18c-b9dab93e6168"}}}},"apiTier":"Standard","isCustomApiConnection":false,"actions":["providers/PowerPlatform.Governance/Operations/Read","providers/PowerPlatform.Governance/Operations/Write","providers/PowerPlatform.Governance/Operations/Delete"]},"b2923096-5d1e-4ea9-8f58-83384e8f8cd6":{"id":"3747f5bb-57fc-4434-b82f-a394a90b1d4a","displayName":"Usuarios de Office 365","iconUri":"https://connectoricons-prod.azureedge.net/releases/v1.0.1702/1.0.1702.3810/office365users/icon.png","dataSources":["UsuariosdeOffice365"],"dependencies":[],"dependents":[],"parameterHints":{},"parameterHintsV2":{},"isOnPremiseConnection":false,"bypassConsent":false,"dataSets":{},"apiTier":"Standard","isCustomApiConnection":false,"actions":["MyProfile_V2"]}},"authorizationReferences":[{"resourceId":"powerbi"}],"databaseReferences":{},"almMode":"Environment","performanceOptimizationEnabled":true,"canConsumeAppPass":true,"enableModernRuntimeMode":false,"executionRestrictions":{"isTeamsOnly":false,"dataLossPreventionEvaluationResult":{"status":"Compliant","lastEvaluationDate":"2024-02-19T15:54:38.569952Z","violations":[],"violationsByPolicy":[],"violationErrorMessage":"La aplicación usa los siguientes conectores: shared_sharepointonline."}}},"appType":"ClassicCanvasApp","appComponents":[]}}